kepid,nkoi,teff,radius,mass,rrmscdpp03p0,rrmscdpp06p0,stellar_type
7584294,0,6003,1.085,1.0018,15.142,12.673,Sun-like
10094937,0,3900,0.522,0.5214,45.519,49.221,M-Dwarf
9071562,0,5588,1.009,0.884,18.62,15.496,Sun-like
4736074,0,4932,0.647,0.6356,21.725,21.526,Sun-like
8694381,0,5780,1.0,,13.746,17.671,Sun-like
10801273,0,3961,0.533,0.547,22.632,21.075,M-Dwarf
8349612,0,5815,0.874,0.777,19.395,15.473,Sun-like
7662428,0,6367,1.387,1.3104,16.514,17.118,Sun-like
8379927,0,6022,1.03,0.964,15.247,16.096,Sun-like
5217805,0,6047,1.005,0.9595,15.726,13.619,Sun-like
5724853,0,6032,1.458,0.9836,17.034,13.94,Sun-like
5094944,0,6279,1.457,1.2215,21.353,22.703,Sun-like
10129425,0,3890,0.49,0.5048,41.952,35.834,M-Dwarf
8316361,0,5767,1.81,1.0009,16.735,13.962,Sun-like
8739797,0,6228,1.138,1.1024,22.668,19.14,Sun-like
10477502,0,5568,0.8,0.7709,21.734,20.208,Sun-like
7801848,0,5734,0.883,0.982,17.552,17.828,Sun-like
6437648,0,4138,0.576,0.576,20.482,21.856,Sun-like
9604728,0,5432,0.794,0.818,20.733,19.217,Sun-like
6225718,0,6230,1.24,1.17,14.927,12.96,Sun-like
9673360,0,5780,1.0,,18.303,19.006,Sun-like
10866983,0,3908,0.597,0.5992,29.501,28.552,M-Dwarf
9217575,0,6406,0.94,1.024,22.484,17.682,Sun-like
12204797,0,6372,1.015,1.066,19.609,16.6,Sun-like
11559725,0,5659,0.856,0.8032,21.426,16.865,Sun-like
4931390,0,6557,1.41,1.37,19.694,18.388,Sun-like
7604944,0,5780,1.0,,13.279,15.334,Sun-like
5252698,0,3247,0.2,0.178,46.755,39.997,M-Dwarf
12507325,0,5780,1.0,,22.244,16.597,Sun-like
8217182,0,5945,1.153,0.981,21.257,20.706,Sun-like
9994044,0,6292,1.141,1.083,19.05,15.16,Sun-like
10866983,0,3921,0.6,0.602,33.266,32.813,M-Dwarf
8081256,0,5944,1.831,1.1059,19.393,15.293,Sun-like
8025283,0,5936,1.106,1.055,21.327,19.983,Sun-like
11506988,0,6223,1.794,1.158,21.919,19.353,Sun-like
11507895,0,5411,0.877,0.7811,22.365,18.049,Sun-like
9468112,0,5745,0.837,0.928,12.515,11.034,Sun-like
8869548,0,6695,1.702,1.3586,21.727,18.124,Sun-like
8424992,0,5807,1.06,0.96,20.556,16.741,Sun-like
9025370,0,5659,0.96,0.83,18.259,17.32,Sun-like
6976475,0,5655,0.93,1.0091,14.802,12.22,Sun-like
10456512,0,5465,0.704,0.762,18.712,16.193,Sun-like
6586053,0,6152,1.009,1.079,19.964,16.333,Sun-like
6516783,0,3877,0.586,0.5894,30.863,33.938,M-Dwarf
7300976,0,5877,1.063,0.979,22.193,17.742,Sun-like
12553408,0,6025,1.457,1.0354,22.026,19.692,Sun-like
9073458,0,6306,1.748,1.1806,18.388,14.801,Sun-like
4470779,0,5505,1.426,0.9198,21.251,16.944,Sun-like
12117868,0,6160,1.33,1.1,21.06,17.274,Sun-like
7107941,0,3138,0.169,0.143,46.179,61.43,M-Dwarf
10355648,0,6388,1.453,1.0307,20.764,16.521,Sun-like
11453915,0,6338,1.143,1.08,19.75,16.288,Sun-like
5516982,0,6444,1.48,1.25,21.471,19.159,Sun-like
10651962,0,5953,0.926,0.9569,19.24,15.189,Sun-like
7422905,0,6093,1.509,1.111,18.837,16.133,Sun-like
7510397,0,6110,1.81,1.25,18.317,15.431,Sun-like
11772920,0,5346,0.892,0.799,17.017,14.273,Sun-like
4756776,0,6677,1.762,1.383,20.199,15.999,Sun-like
10934586,0,6167,1.064,1.1494,19.413,15.681,Sun-like
9076686,0,4453,0.724,0.719,21.43,19.221,Sun-like
11854674,0,6241,1.867,1.3005,13.968,11.422,Sun-like
10651962,0,5953,0.926,0.957,20.146,16.128,Sun-like
4142913,0,3411,0.343,0.346,26.382,24.205,M-Dwarf
9965715,0,6463,1.045,1.086,20.736,18.249,Sun-like
11229131,0,6382,1.487,1.3096,18.256,16.97,Sun-like
6966232,0,6271,1.767,1.328,18.127,15.012,Sun-like
11029516,0,5845,1.352,1.003,22.341,19.457,Sun-like
12069424,0,5846,1.156,0.954,21.245,18.063,Sun-like
9139163,0,6400,1.57,1.38,19.595,17.327,Sun-like
5949536,0,5790,0.967,0.942,20.74,17.747,Sun-like
9264619,0,5655,0.778,0.8289,22.03,20.656,Sun-like
11135880,0,5714,1.024,0.8459,21.701,16.315,Sun-like
10129425,0,3899,0.494,0.516,45.507,39.136,M-Dwarf
5774694,0,5875,1.0,1.06,19.471,19.983,Sun-like
9702369,0,6431,1.38,1.27,16.996,14.832,Sun-like
10129425,0,3890,0.49,0.505,47.784,40.832,M-Dwarf
9139151,0,6125,1.16,1.17,19.82,19.69,Sun-like
4551289,0,6366,1.708,1.1904,21.054,17.326,Sun-like
10853891,0,5795,1.303,0.9022,14.738,12.88,Sun-like
11188219,0,6024,1.28,1.01,22.315,17.548,Sun-like
9940582,0,6085,1.312,0.9347,21.273,17.117,Sun-like
12204797,0,6387,1.428,1.0902,17.678,14.698,Sun-like
4356127,0,6013,1.608,0.8374,21.36,17.195,Sun-like
8494872,0,6081,1.573,0.96,14.909,12.646,Sun-like
5220682,0,3979,0.579,0.5829,44.672,45.562,M-Dwarf
4841888,0,3336,0.236,0.2186,37.488,32.728,M-Dwarf
5524879,0,6267,1.346,1.1155,20.066,18.497,Sun-like
9078011,0,5506,0.973,0.903,21.007,17.097,Sun-like
8078281,0,5908,1.332,0.984,18.413,17.733,Sun-like
9073458,0,6306,1.748,1.181,21.633,17.51,Sun-like
3831297,0,5903,0.976,0.9842,19.723,15.845,Sun-like
5698676,0,5494,0.872,0.766,21.435,17.905,Sun-like
9642131,0,3899,0.585,0.5887,41.649,41.667,M-Dwarf
4663818,0,3800,0.53,0.5456,43.291,42.539,M-Dwarf
11018954,0,3776,0.513,0.527,37.622,32.541,M-Dwarf
8364751,0,5891,0.861,0.8693,20.241,16.938,Sun-like
8940939,0,6343,1.57,1.27,15.359,12.533,Sun-like
10462940,0,6154,1.26,1.2,18.12,16.114,Sun-like
11027406,0,5810,1.244,0.877,22.072,17.659,Sun-like
7034097,0,3916,0.594,0.596,32.283,35.865,M-Dwarf
12009504,0,6175,1.344,1.08,21.587,20.527,Sun-like
10516096,0,5940,1.43,1.14,20.352,16.905,Sun-like
9703177,0,6157,1.33,1.0798,21.179,16.256,Sun-like
10809164,0,6170,1.56,0.9431,19.621,15.222,Sun-like
3936736,0,3931,0.554,0.5509,54.721,57.877,M-Dwarf
5217805,0,6047,1.005,0.96,18.57,16.339,Sun-like
5633439,0,5465,0.733,0.689,22.345,17.379,Sun-like
8940939,0,6343,1.57,1.27,18.214,15.198,Sun-like
5696568,0,3889,0.553,0.5538,31.04,28.35,M-Dwarf
7101742,0,6394,1.447,1.1614,18.078,14.427,Sun-like
6804018,0,3374,0.245,0.2291,51.987,42.824,M-Dwarf
7879456,0,3833,0.578,0.584,40.743,41.306,M-Dwarf
8351810,0,3888,0.6,0.604,36.729,34.478,M-Dwarf
8073932,0,5522,1.125,0.873,20.943,17.862,Sun-like
10731839,0,3247,0.214,0.192,46.269,40.123,M-Dwarf
4914923,0,5905,1.42,1.19,20.84,17.578,Sun-like
5351659,0,3852,0.579,0.582,43.042,51.895,M-Dwarf
6888297,0,3478,0.306,0.3033,53.126,56.277,M-Dwarf
12011630,0,5817,0.99,0.85,16.035,12.886,Sun-like
8442604,0,3847,0.501,0.5077,54.059,48.47,M-Dwarf
9702369,0,6278,1.324,1.169,19.585,17.366,Sun-like
4862870,0,6818,1.613,1.5044,19.381,16.597,Sun-like
6603624,0,5671,1.162,1.027,18.278,15.233,Sun-like
2158850,0,6108,0.787,0.6836,20.657,16.552,Sun-like
11393580,0,3993,0.596,0.592,38.752,42.816,M-Dwarf
3641858,0,5513,0.753,0.8224,15.368,12.399,Sun-like
10079226,0,6078,1.15,1.15,19.144,17.198,Sun-like
3852327,0,3830,0.561,0.5657,45.837,47.643,M-Dwarf
5253542,0,5770,1.12,0.89,20.545,16.498,Sun-like
9307354,0,5204,0.769,0.7231,17.133,13.923,Sun-like
9940978,0,6238,1.547,1.1404,21.693,17.166,Sun-like
9528112,0,3000,0.144,0.117,30.326,31.614,M-Dwarf
8143842,0,5780,1.0,,19.883,19.85,Sun-like
5962180,0,5637,0.821,0.9018,14.87,12.92,Sun-like
6850118,0,3960,0.609,0.61,39.583,40.442,M-Dwarf
9203308,0,6295,1.676,1.1559,19.338,16.479,Sun-like
6437648,0,4135,0.573,0.577,21.808,27.355,Sun-like
9283220,0,3936,0.585,0.583,49.657,71.858,M-Dwarf
6600155,0,6109,1.524,1.1421,21.014,18.223,Sun-like
11342410,0,5858,1.212,0.97,18.66,17.105,Sun-like
5724853,0,5959,1.112,0.992,18.874,15.703,Sun-like
4952259,0,6754,1.48,1.139,14.181,10.292,Sun-like
11255615,0,6184,1.36,1.0087,22.241,18.697,Sun-like
12266662,0,5918,1.509,0.9078,19.442,15.198,Sun-like
11519952,0,6003,0.973,0.756,22.661,18.383,Sun-like
4954074,0,6760,1.482,1.237,19.197,16.228,Sun-like
5565816,0,3247,0.2,0.178,54.704,57.524,M-Dwarf
5217805,0,6046,1.101,0.953,17.539,15.464,Sun-like
9760257,0,5440,0.739,0.69,21.219,17.409,Sun-like
8760414,0,5787,1.02,0.8,13.361,10.794,Sun-like
6469154,0,5382,0.858,0.889,13.285,11.457,Sun-like
5177450,0,5780,1.0,,22.36,30.439,Sun-like
4847465,0,5674,1.269,0.891,20.333,19.613,Sun-like
3735871,0,6108,1.092,1.055,21.25,20.694,Sun-like
11719930,0,6478,1.185,0.98,20.555,16.366,Sun-like
6923148,0,6164,0.994,0.9857,16.471,13.814,Sun-like
6116048,0,5935,1.21,1.0,15.365,13.162,Sun-like
10422713,0,5739,0.858,0.871,20.399,16.15,Sun-like
8739290,0,6108,0.997,1.072,19.458,18.598,Sun-like
8694381,0,5780,1.0,,15.546,21.151,Sun-like
9541616,0,6363,1.329,1.0141,19.549,18.414,Sun-like
5091897,0,5720,0.846,0.8122,22.185,19.606,Sun-like
12169236,0,5408,0.829,0.815,22.508,23.893,Sun-like
8025283,0,5936,1.106,1.0549,19.813,17.928,Sun-like
5019620,0,6146,1.947,1.222,21.016,16.933,Sun-like
6442336,0,5968,1.675,1.0096,20.837,18.136,Sun-like
9697403,0,5780,1.0,,9.64,11.337,Sun-like
7970740,0,5308,0.728,0.701,14.598,14.203,Sun-like
4470937,0,3527,0.406,0.419,23.285,20.159,M-Dwarf
8476457,0,6103,0.842,0.716,20.828,16.589,Sun-like
10749841,0,6193,1.067,1.127,19.584,14.263,Sun-like
8715392,0,6889,1.828,1.054,19.944,15.966,Sun-like
5962180,0,5691,0.897,0.881,16.059,14.296,Sun-like
10456512,0,5463,0.719,0.75,20.716,18.298,Sun-like
6049715,0,6046,0.934,0.981,21.636,18.078,Sun-like
11032531,0,3802,0.449,0.456,55.083,72.783,M-Dwarf
11454149,0,6435,1.17,1.18,21.655,19.168,Sun-like
4043389,0,3871,0.625,0.621,37.866,33.427,M-Dwarf
6675338,0,5780,1.0,,12.582,13.012,Sun-like
5717618,0,5780,1.0,,15.709,14.163,Sun-like
10199218,0,6935,1.747,1.403,11.129,9.951,Sun-like
9071562,0,5589,1.072,0.882,19.609,16.055,Sun-like
9307354,0,5221,0.797,0.744,18.791,15.487,Sun-like
4666248,0,6181,1.34,1.0055,22.397,17.471,Sun-like
9139151,0,6299,1.17,1.196,19.423,19.025,Sun-like
4645245,0,6157,1.061,1.004,21.735,17.183,Sun-like
7898839,0,5232,0.769,0.7391,16.676,16.373,Sun-like
7625094,0,6261,1.885,1.1675,19.322,16.691,Sun-like
12009504,0,6065,1.39,1.16,19.516,18.077,Sun-like
7604944,0,5780,1.0,,13.102,13.483,Sun-like
11565158,0,5996,1.241,1.147,14.604,11.973,Sun-like
10396960,0,6258,1.843,1.1716,20.447,18.767,Sun-like
9203308,0,6295,1.676,1.156,21.766,18.858,Sun-like
9642131,0,3899,0.585,0.589,48.57,50.624,M-Dwarf
9693187,0,5790,1.42,0.95,19.946,16.285,Sun-like
7871531,0,5400,0.86,0.8,15.532,13.062,Sun-like
7673995,0,6516,1.734,1.1411,22.055,17.638,Sun-like
8574377,0,5666,1.708,1.1233,20.014,16.06,Sun-like
5440790,0,3878,0.574,0.5764,50.224,47.852,M-Dwarf
8349612,0,5835,1.012,0.773,20.536,16.253,Sun-like
10322366,0,3751,0.515,0.5234,39.369,33.804,M-Dwarf
12155405,0,4022,0.526,0.5425,21.585,22.74,Sun-like
9760257,0,5440,0.739,0.69,22.527,18.516,Sun-like
5867284,0,6248,1.996,1.0782,19.278,15.992,Sun-like
3338777,0,6181,1.688,1.1305,22.69,19.269,Sun-like
6586053,0,6148,1.501,1.096,21.394,17.576,Sun-like
3633889,0,6452,1.32,1.22,19.792,17.22,Sun-like
7183590,0,3722,0.46,0.4689,35.148,37.566,M-Dwarf
10322366,0,3749,0.514,0.521,48.028,42.68,M-Dwarf
7597446,0,5997,1.201,0.8017,22.712,17.677,Sun-like
11179629,0,5733,1.015,0.9582,20.164,20.877,Sun-like
11098364,0,5007,0.614,0.613,21.126,19.533,Sun-like
5263508,0,5906,1.474,0.9412,19.928,15.737,Sun-like
9528112,0,3000,0.144,0.1172,22.396,20.273,M-Dwarf
8179052,0,6537,1.485,1.2205,20.975,16.711,Sun-like
4349067,0,5884,1.715,1.137,20.38,16.534,Sun-like
8516041,0,6214,1.3,1.09,20.865,17.3,Sun-like
6049715,0,6045,1.153,0.9607,19.365,16.126,Sun-like
10124866,0,5755,0.91,0.88,10.15,9.372,Sun-like
10988876,0,6335,1.292,1.034,20.75,16.977,Sun-like
10456512,0,5463,0.719,0.7495,17.37,14.934,Sun-like
8316361,0,5767,1.81,1.001,19.746,16.44,Sun-like
7512041,0,5919,1.01,0.7652,20.551,15.576,Sun-like
7206252,0,6170,1.171,1.0889,16.249,13.614,Sun-like
5177450,0,5780,1.0,,18.132,18.175,Sun-like
4281485,0,6117,1.473,0.8353,21.907,17.942,Sun-like
9851665,0,5891,1.118,0.9752,21.324,17.114,Sun-like
6345835,0,3702,0.496,0.521,44.014,39.804,M-Dwarf
7440048,0,6004,1.043,0.888,20.05,17.022,Sun-like
5698676,0,5505,0.783,0.7511,19.399,16.079,Sun-like
3656476,0,5710,1.34,1.1,20.441,16.89,Sun-like
3956721,0,3981,0.587,0.5842,52.183,55.236,M-Dwarf
10016239,0,6340,1.28,1.23,19.544,19.173,Sun-like
7050496,0,5780,1.0,,8.993,10.219,Sun-like
8298626,0,6211,1.37,1.16,18.917,16.516,Sun-like
4562467,0,6085,1.029,0.9392,21.15,17.105,Sun-like
8082190,0,5846,1.275,1.0594,21.11,16.536,Sun-like
8188157,0,6880,1.752,1.4608,19.144,14.796,Sun-like
10794845,0,6398,1.16,1.17,17.454,14.748,Sun-like
9139163,0,6400,1.57,1.38,21.257,18.743,Sun-like
6022408,0,3417,0.248,0.2336,46.502,47.786,M-Dwarf
11229131,0,6382,1.487,1.31,21.576,20.903,Sun-like
8078281,0,5908,1.332,0.9845,19.605,17.95,Sun-like
10866819,0,6426,1.36,1.086,20.564,17.411,Sun-like
11615824,0,5944,0.999,0.9553,19.421,16.747,Sun-like
10934653,0,5999,0.959,1.045,20.627,16.669,Sun-like
9076686,0,4455,0.726,0.7233,21.289,18.995,Sun-like
4138654,0,6191,1.665,1.051,20.365,16.168,Sun-like
4663818,0,3799,0.531,0.545,54.53,65.308,M-Dwarf
6307459,0,6623,1.735,1.3368,19.796,20.608,Sun-like
9204877,0,4990,0.764,0.797,21.704,17.838,Sun-like
7680114,0,5855,1.43,1.12,22.222,18.063,Sun-like
8717023,0,6129,1.202,0.9034,22.244,18.977,Sun-like
6116048,0,5935,1.21,1.0,18.311,15.928,Sun-like
5597604,0,3895,0.587,0.5907,45.545,38.953,M-Dwarf
7422905,0,6093,1.509,1.1112,15.489,12.905,Sun-like
8675146,0,5938,1.476,0.9059,17.22,14.129,Sun-like
8298626,0,6085,1.349,1.125,19.044,16.692,Sun-like
8112746,0,6060,1.685,0.9258,21.747,18.5,Sun-like
5597604,0,3896,0.585,0.587,47.211,39.819,M-Dwarf
9307354,0,5204,0.769,0.723,20.071,16.369,Sun-like
3956527,0,5395,0.748,0.708,20.994,16.817,Sun-like
8940939,0,6342,1.527,1.196,16.937,14.13,Sun-like
10258402,0,5193,1.724,0.883,20.853,20.216,Sun-like
11506859,0,4841,0.58,0.586,21.45,21.206,Sun-like
8077525,0,6528,1.155,1.1768,21.149,18.234,Sun-like
12013550,0,6254,1.706,1.1095,22.195,19.543,Sun-like
10618260,0,5931,1.124,0.908,22.11,21.079,Sun-like
4043389,0,3878,0.628,0.6238,32.666,29.08,M-Dwarf
8179536,0,6344,1.37,1.28,19.245,18.711,Sun-like
6680045,0,6273,1.044,1.099,22.481,18.551,Sun-like
7879979,0,6122,1.045,1.013,22.602,18.211,Sun-like
9356691,0,6195,1.124,1.1784,19.391,16.981,Sun-like
8394589,0,6114,1.15,0.98,17.616,14.938,Sun-like
9163015,0,3162,0.175,0.1492,50.528,52.796,M-Dwarf
12355672,0,5737,1.408,0.918,20.85,16.522,Sun-like
5795961,0,3887,0.569,0.569,43.521,44.534,M-Dwarf
7800922,0,3903,0.584,0.5865,43.156,47.397,M-Dwarf
10454113,0,6120,1.24,1.14,15.87,14.799,Sun-like
11713046,0,3950,0.541,0.563,47.19,54.436,M-Dwarf
7801848,0,5742,0.932,0.9742,17.835,16.764,Sun-like
3936842,0,3521,0.295,0.3003,49.871,48.983,M-Dwarf
11018954,0,3773,0.512,0.526,42.006,37.406,M-Dwarf
3427720,0,6040,1.12,1.08,15.001,13.094,Sun-like
8006161,0,5390,0.93,0.97,16.931,15.842,Sun-like
9117875,0,6725,1.983,1.224,21.765,22.241,Sun-like
8694723,0,6247,1.481,1.007,20.907,17.831,Sun-like
4912785,0,5551,0.957,0.8039,16.977,13.835,Sun-like
4931390,0,6557,1.41,1.37,17.532,15.862,Sun-like
9874022,0,5780,1.0,,13.084,14.31,Sun-like
6314137,0,6387,1.804,1.1922,21.077,17.099,Sun-like
4928476,0,5661,1.112,0.9734,18.08,15.88,Sun-like
11519952,0,6003,0.973,0.7556,19.449,15.679,Sun-like
10801273,0,3961,0.533,0.5468,19.578,17.378,M-Dwarf
8736241,0,6163,1.503,1.125,22.138,18.863,Sun-like
8161825,0,5902,0.989,0.981,21.362,17.685,Sun-like
7422905,0,6093,1.509,1.111,17.035,14.199,Sun-like
10005499,0,5557,0.858,0.769,17.628,14.759,Sun-like
7956461,0,6966,1.808,1.524,9.891,8.186,Sun-like
9516748,0,6403,1.387,1.1741,21.691,19.612,Sun-like
8736241,0,6163,1.503,1.125,20.028,16.768,Sun-like
8542853,0,5569,0.826,0.866,15.275,14.066,Sun-like
5174999,0,6084,1.181,0.9823,21.952,17.821,Sun-like
11454149,0,6248,1.1,1.03,19.603,16.79,Sun-like
7898731,0,3837,0.577,0.583,53.195,57.035,M-Dwarf
10866819,0,6426,1.36,1.086,17.204,14.211,Sun-like
8894567,0,5172,0.714,0.7205,18.658,18.699,Sun-like
12736910,0,6508,1.086,1.031,18.492,16.897,Sun-like
8676175,0,5645,1.21,0.8539,21.704,18.894,Sun-like
5696108,0,3878,0.628,0.6238,42.354,38.186,M-Dwarf
9760362,0,5860,1.25,0.9289,16.933,15.645,Sun-like
12010862,0,3813,0.569,0.5753,29.725,31.699,M-Dwarf
9821786,0,6068,1.632,1.0903,19.59,15.273,Sun-like
10422713,0,5739,1.086,0.8404,17.865,13.813,Sun-like
11565158,0,6000,1.23,1.134,13.823,11.116,Sun-like
9836221,0,5780,1.0,,21.497,23.606,Sun-like
8056313,0,6946,0.933,1.007,16.46,15.153,Sun-like
11081642,0,5993,1.269,1.048,20.533,18.95,Sun-like
9965715,0,6463,1.045,1.0858,14.649,12.781,Sun-like
11968404,0,5204,1.552,0.9414,21.803,19.781,Sun-like
11752083,0,6058,1.098,0.95,19.744,16.743,Sun-like
2834379,0,5452,1.939,1.0454,21.13,16.6,Sun-like
11342861,0,5780,1.0,,12.54,14.963,Sun-like
7620832,0,5810,1.672,1.0298,22.324,22.053,Sun-like
9073458,0,6306,1.748,1.181,20.57,16.78,Sun-like
7700968,0,5868,1.15,0.903,20.646,16.674,Sun-like
11772920,0,5346,0.892,0.7995,14.452,11.793,Sun-like
7731450,0,6443,1.327,1.0714,20.399,19.57,Sun-like
7538021,0,3772,0.501,0.507,45.001,64.873,M-Dwarf
2159700,0,3837,0.503,0.5056,17.748,19.011,M-Dwarf
7879979,0,6122,1.045,1.0134,19.126,15.004,Sun-like
9944337,0,6348,1.72,1.0433,22.505,18.897,Sun-like
9093191,0,5985,1.212,1.0678,21.946,16.596,Sun-like
11444160,0,6046,1.371,1.0645,22.577,22.462,Sun-like
10866819,0,6427,1.062,1.104,19.775,16.757,Sun-like
8037268,0,5205,0.774,0.759,12.243,10.528,Sun-like
11622723,0,3708,0.356,0.3701,47.795,52.798,M-Dwarf
9006206,0,6228,1.779,1.0672,19.673,16.248,Sun-like
8494872,0,6081,1.573,0.96,15.684,13.296,Sun-like
11495654,0,5780,1.0,,14.758,14.992,Sun-like
9206432,0,6608,1.52,1.45,19.188,17.823,Sun-like
8424992,0,5721,1.028,0.9,19.275,15.66,Sun-like
8289241,0,6306,1.33,1.13,19.874,17.915,Sun-like
8872565,0,3319,0.177,0.157,53.592,44.491,M-Dwarf
11342861,0,5780,1.0,,11.546,13.628,Sun-like
6129877,0,6064,1.36,1.15,17.84,14.301,Sun-like
5724853,0,6032,1.458,0.984,20.102,16.843,Sun-like
6286466,0,3244,0.199,0.1768,18.879,17.398,M-Dwarf
10068482,0,5780,1.0,,18.523,17.097,Sun-like
10652967,0,6120,1.517,1.106,21.531,17.188,Sun-like
8740238,0,5513,0.7,0.7664,22.081,18.377,Sun-like
4565877,0,6347,1.627,1.0152,22.161,16.992,Sun-like
8737568,0,6422,1.424,1.0209,21.326,16.363,Sun-like
11960922,0,5780,1.0,,21.304,26.769,Sun-like
4472430,0,5780,1.0,,22.104,21.36,Sun-like
7986589,0,5452,1.431,0.9181,17.681,17.167,Sun-like
8476457,0,6105,1.764,0.806,21.829,17.424,Sun-like
11563912,0,5780,1.0,,20.728,21.918,Sun-like
10652967,0,6089,0.95,1.031,20.467,16.461,Sun-like
7286531,0,6002,1.472,0.9649,17.531,15.577,Sun-like
11569983,0,6039,1.716,1.0939,18.854,15.59,Sun-like
7034097,0,3916,0.594,0.5957,26.459,27.771,M-Dwarf
10163983,0,3661,0.469,0.479,40.655,52.572,M-Dwarf
11854674,0,6241,1.867,1.3,15.31,12.417,Sun-like
9071562,0,5589,1.072,0.882,16.521,13.312,Sun-like
9117875,0,6725,1.983,1.224,21.224,21.924,Sun-like
3831297,0,5903,0.976,0.984,21.061,17.229,Sun-like
11495654,0,5780,1.0,,16.301,16.002,Sun-like
10602391,0,5344,0.632,0.6222,16.537,14.024,Sun-like
4906883,0,6060,0.925,1.008,20.749,17.678,Sun-like
6106415,0,6028,1.202,1.039,15.944,13.482,Sun-like
9527740,0,3918,0.574,0.574,41.457,48.708,M-Dwarf
9673360,0,5780,1.0,,15.781,15.069,Sun-like
12736910,0,6514,1.356,1.048,19.613,17.684,Sun-like
6461089,0,3891,0.465,0.4685,53.495,53.116,M-Dwarf
9283220,0,3935,0.583,0.584,45.047,55.777,M-Dwarf
6947459,0,3433,0.104,0.099,46.293,35.031,M-Dwarf
5950854,0,5913,1.25,0.99,21.445,17.084,Sun-like
9658985,0,5884,1.473,0.948,21.502,18.168,Sun-like
12169236,0,5408,0.829,0.8149,16.02,15.753,Sun-like
9697403,0,5780,1.0,,11.218,12.579,Sun-like
3634451,0,3304,0.221,0.202,55.133,78.635,M-Dwarf
8542853,0,5569,0.826,0.8655,13.963,12.569,Sun-like
8831759,0,4970,1.979,0.903,13.87,18.255,Sun-like
6421967,0,6464,1.27,1.24,19.596,15.806,Sun-like
5717618,0,5780,1.0,,17.541,15.865,Sun-like
9292238,0,3876,0.576,0.5787,39.066,42.479,M-Dwarf
8028326,0,6100,1.76,1.109,21.396,19.427,Sun-like
5683912,0,3000,0.144,0.1172,19.056,18.338,M-Dwarf
8872565,0,3319,0.178,0.1577,48.404,39.086,M-Dwarf
3427720,0,6040,1.12,1.08,17.743,15.588,Sun-like
6271872,0,6072,1.263,0.8918,21.724,17.98,Sun-like
9143808,0,3815,0.602,0.601,39.612,40.351,M-Dwarf
7013649,0,6168,1.394,1.067,21.754,24.424,Sun-like
7584294,0,6003,1.085,1.002,17.743,15.203,Sun-like
4738155,0,6782,1.595,1.026,22.514,18.19,Sun-like
11197632,0,6353,1.263,1.067,22.694,19.982,Sun-like
9771200,0,5088,0.806,0.7626,22.706,18.654,Sun-like
6129877,0,5991,1.288,1.034,20.073,16.45,Sun-like
8675146,0,5938,1.476,0.906,18.979,15.706,Sun-like
6232600,0,6435,1.34,1.23,20.679,21.19,Sun-like
10934653,0,5888,1.032,0.931,19.613,15.879,Sun-like
4243697,0,6082,0.911,0.849,22.706,18.338,Sun-like
8694381,0,5780,1.0,,12.107,13.649,Sun-like
7050496,0,5780,1.0,,9.221,9.148,Sun-like
11038851,0,5790,1.712,0.9908,22.294,18.637,Sun-like
4931390,0,6642,1.363,1.274,18.964,17.519,Sun-like
11960922,0,5780,1.0,,20.793,22.776,Sun-like
6464166,0,5541,0.931,0.8801,20.923,17.135,Sun-like
5696568,0,3889,0.553,0.554,36.494,33.548,M-Dwarf
9075891,0,5927,1.511,0.8865,20.163,16.32,Sun-like
7013649,0,6168,1.394,1.067,18.512,19.128,Sun-like
10794845,0,6398,1.16,1.17,21.324,18.317,Sun-like
5184732,0,5840,1.33,1.17,20.8,18.686,Sun-like
9702369,0,6431,1.38,1.27,20.498,18.208,Sun-like
7117178,0,5826,0.955,0.917,19.584,14.302,Sun-like
7101742,0,6394,1.447,1.161,21.355,17.272,Sun-like
10124866,0,5823,0.91,0.886,11.095,10.889,Sun-like
6047087,0,6189,1.34,1.16,18.858,15.053,Sun-like
6225718,0,6230,1.24,1.17,12.511,10.658,Sun-like
11029516,0,5838,0.942,0.9929,19.786,16.997,Sun-like
9760362,0,5861,0.865,0.957,18.508,17.479,Sun-like
8938364,0,5630,1.32,0.92,21.834,17.721,Sun-like
11713046,0,3952,0.544,0.5627,36.319,38.238,M-Dwarf
3634451,0,3304,0.221,0.201,52.798,63.745,M-Dwarf
4472430,0,5780,1.0,,21.332,20.629,Sun-like
10070754,0,6463,1.225,1.126,19.668,17.334,Sun-like
11393580,0,3993,0.596,0.5922,31.904,33.407,M-Dwarf
12266662,0,5915,1.085,0.845,21.262,16.931,Sun-like
11752083,0,6050,0.896,0.9794,18.203,15.273,Sun-like
7700968,0,5982,1.21,1.0,18.693,15.121,Sun-like
9025370,0,5667,0.978,0.863,16.011,14.509,Sun-like
10006140,0,6313,1.498,1.0849,21.381,18.321,Sun-like
6034108,0,5929,0.996,0.942,20.716,18.529,Sun-like
10655953,0,6594,1.26,1.26,22.441,20.53,Sun-like
7662428,0,6355,1.375,1.304,19.268,21.588,Sun-like
9225997,0,6202,0.903,0.942,17.857,14.221,Sun-like
11401988,0,3589,0.386,0.4038,41.563,40.754,M-Dwarf
3859850,0,5860,1.12,0.7996,20.584,18.064,Sun-like
4142913,0,3410,0.342,0.345,23.42,21.245,M-Dwarf
10685353,0,5780,1.0,,17.353,22.791,Sun-like
12069449,0,5745,1.069,0.952,15.319,13.205,Sun-like
8309936,0,3306,0.223,0.2029,52.397,56.141,M-Dwarf
8444238,0,5692,0.925,0.9312,21.51,21.858,Sun-like
9604728,0,5437,0.765,0.8317,19.205,17.255,Sun-like
8760414,0,5931,0.965,0.753,14.954,12.106,Sun-like
9718359,0,5742,0.955,0.818,21.584,17.033,Sun-like
12555505,0,5738,1.042,0.9507,17.971,14.969,Sun-like
7206252,0,6170,1.171,1.089,19.184,16.338,Sun-like
7940546,0,6264,1.92,1.31,22.338,19.243,Sun-like
8036316,0,5534,0.848,0.826,21.533,18.822,Sun-like
5717618,0,5780,1.0,,18.673,17.707,Sun-like
4756776,0,6677,1.762,1.383,15.765,13.271,Sun-like
3634451,0,3304,0.221,0.2024,39.933,40.29,M-Dwarf
9490506,0,6559,1.218,1.235,16.612,12.13,Sun-like
6020867,0,5780,1.0,,16.896,18.495,Sun-like
3335176,0,3225,0.193,0.17,25.797,27.706,M-Dwarf
3735871,0,6176,1.09,1.07,19.305,18.162,Sun-like
12169236,0,5408,0.829,0.815,18.697,18.972,Sun-like
9697403,0,5780,1.0,,8.869,9.31,Sun-like
10612448,0,3750,0.45,0.462,53.722,45.574,M-Dwarf
12156916,0,6372,1.418,1.029,21.797,17.914,Sun-like
11909902,0,3994,0.58,0.612,49.45,54.311,M-Dwarf
9410862,0,6230,1.22,1.12,20.193,16.64,Sun-like
11870319,0,6092,1.249,1.043,21.358,16.868,Sun-like
7584294,0,6003,1.085,1.002,16.91,14.597,Sun-like
6603624,0,5625,1.16,1.03,19.211,16.165,Sun-like
3115398,0,6214,1.192,1.0247,22.521,20.267,Sun-like
8542853,0,5569,0.826,0.866,16.595,15.991,Sun-like
8736241,0,6163,1.503,1.1251,18.576,15.64,Sun-like
6689302,0,3916,0.594,0.596,43.672,46.68,M-Dwarf
10613255,0,5125,1.675,0.9224,22.274,18.783,Sun-like
8037268,0,5205,0.774,0.759,14.65,12.876,Sun-like
4043389,0,3878,0.628,0.624,38.918,35.857,M-Dwarf
7898839,0,5232,0.769,0.739,19.193,20.01,Sun-like
8982583,0,6561,1.793,1.377,19.535,17.539,Sun-like
6607779,0,6247,1.162,1.032,22.057,19.338,Sun-like
7510397,0,6156,1.709,1.097,17.192,14.489,Sun-like
10516096,0,5953,1.358,1.018,22.679,19.065,Sun-like
9285102,0,5796,1.403,1.1544,21.749,17.265,Sun-like
7812264,0,3885,0.555,0.5558,44.177,42.033,M-Dwarf
7601573,0,3741,0.579,0.58,38.164,36.077,M-Dwarf
4946401,0,5324,0.966,0.8464,19.954,17.221,Sun-like
9595178,0,5530,1.007,0.9293,19.159,15.543,Sun-like
10809164,0,6161,1.03,0.886,22.045,17.274,Sun-like
9760257,0,5440,0.739,0.6895,19.426,15.751,Sun-like
7986589,0,5448,1.041,0.861,20.485,20.841,Sun-like
11072472,0,5182,0.627,0.6187,19.447,16.529,Sun-like
9217575,0,6438,1.532,1.0595,19.77,15.311,Sun-like
7432548,0,6987,1.667,1.5036,14.143,11.4,Sun-like
9965715,0,6483,1.078,1.114,19.741,17.476,Sun-like
9202350,0,5289,0.852,0.7787,19.965,15.282,Sun-like
11453915,0,6608,1.22,1.25,20.926,17.286,Sun-like
8894567,0,5172,0.714,0.72,21.674,23.24,Sun-like
4912785,0,5551,0.957,0.804,19.067,15.817,Sun-like
10652967,0,6120,1.517,1.1056,18.114,14.297,Sun-like
11918550,0,3846,0.501,0.5252,55.273,50.056,M-Dwarf
7748051,0,3912,0.561,0.5593,32.028,34.06,M-Dwarf
9139151,0,6125,1.16,1.17,16.443,15.595,Sun-like
7834539,0,3918,0.547,0.5497,52.103,55.777,M-Dwarf
8394589,0,6114,1.15,0.98,14.728,12.197,Sun-like
4995565,0,5476,0.832,0.7437,22.505,17.635,Sun-like
9836221,0,5780,1.0,,19.116,26.933,Sun-like
7265013,0,5460,0.956,0.867,21.616,18.985,Sun-like
11772920,0,5346,0.892,0.799,16.126,13.682,Sun-like
6668678,0,5888,1.811,0.8944,20.706,16.127,Sun-like
3956527,0,5392,0.701,0.747,21.025,17.105,Sun-like
8150065,0,6265,1.42,1.21,21.897,18.188,Sun-like
7107941,0,3138,0.169,0.143,42.997,55.681,M-Dwarf
7183590,0,3716,0.456,0.468,41.559,52.311,M-Dwarf
7871531,0,5400,0.86,0.8,17.552,15.414,Sun-like
12011630,0,5726,1.021,0.918,17.812,14.53,Sun-like
7899650,0,6181,1.686,1.091,19.417,16.685,Sun-like
5557932,0,5936,1.098,1.0194,19.672,20.538,Sun-like
7812264,0,3885,0.555,0.556,51.174,49.639,M-Dwarf
4847465,0,5674,1.269,0.8914,17.263,16.101,Sun-like
7871531,0,5505,0.86,0.803,16.807,14.722,Sun-like
6607191,0,5780,1.0,,22.634,25.732,Sun-like
7432548,0,6987,1.667,1.504,14.405,11.492,Sun-like
6923148,0,6164,0.994,0.986,19.757,16.932,Sun-like
5273973,0,3632,0.465,0.49,45.879,59.02,M-Dwarf
6106415,0,5990,1.23,1.09,17.171,14.601,Sun-like
4862870,0,6827,1.416,1.448,20.862,18.105,Sun-like
10462940,0,6156,1.235,1.159,20.243,18.408,Sun-like
11032531,0,3800,0.446,0.4571,48.581,53.824,M-Dwarf
4831185,0,5906,1.275,0.884,19.545,21.309,Sun-like
6020867,0,5780,1.0,,12.299,11.727,Sun-like
7538021,0,3773,0.501,0.507,43.362,52.669,M-Dwarf
5867284,0,6248,1.996,1.078,22.675,19.14,Sun-like
6286466,0,3244,0.199,0.177,22.009,20.586,M-Dwarf
4246455,0,5751,1.318,0.952,20.354,17.235,Sun-like
9292238,0,3876,0.576,0.579,44.829,56.756,M-Dwarf
8143842,0,5780,1.0,,13.727,14.315,Sun-like
10454113,0,6183,1.205,1.06,17.679,16.949,Sun-like
12011630,0,5817,0.99,0.85,18.797,15.359,Sun-like
11287318,0,3845,0.52,0.531,31.256,35.962,M-Dwarf
11615824,0,5948,0.919,0.983,21.84,19.21,Sun-like
6461193,0,5578,0.689,0.6565,22.401,17.586,Sun-like
7107941,0,3138,0.169,0.1428,36.027,40.972,M-Dwarf
5962180,0,5637,0.821,0.902,17.367,15.728,Sun-like
4472430,0,5780,1.0,,19.287,18.365,Sun-like
7841024,0,6160,1.475,1.0886,21.433,22.378,Sun-like
7418359,0,6441,1.482,1.168,12.225,11.158,Sun-like
10527172,0,5668,0.785,0.8549,16.913,13.745,Sun-like
6232600,0,6447,1.302,1.153,19.583,20.272,Sun-like
9693187,0,5638,1.347,0.852,18.933,15.495,Sun-like
4906883,0,6338,1.493,1.191,21.751,18.414,Sun-like
11622723,0,3707,0.356,0.369,50.798,65.15,M-Dwarf
6586053,0,6148,1.501,1.0961,18.036,14.712,Sun-like
8394589,0,6147,1.147,0.976,16.552,14.142,Sun-like
7898839,0,5232,0.769,0.739,21.53,22.907,Sun-like
7899650,0,6181,1.686,1.091,17.825,15.509,Sun-like
10602391,0,5344,0.632,0.622,19.401,16.703,Sun-like
4554810,0,5713,0.957,1.056,22.447,18.782,Sun-like
7260381,0,6014,1.232,1.032,22.159,20.725,Sun-like
2450412,0,3741,0.489,0.4958,22.745,23.578,M-Dwarf
8694723,0,6120,1.49,1.02,21.965,18.615,Sun-like
12555642,0,3686,0.472,0.482,46.86,45.324,M-Dwarf
3946262,0,5805,1.01,1.101,21.25,19.437,Sun-like
10961247,0,3720,0.436,0.45,53.063,44.074,M-Dwarf
6225718,0,6320,1.207,1.096,14.015,12.117,Sun-like
7898731,0,3837,0.577,0.5828,43.994,45.055,M-Dwarf
8349612,0,5835,1.012,0.7732,17.415,13.791,Sun-like
6698653,0,5992,0.803,0.752,22.353,17.543,Sun-like
10988876,0,6335,1.292,1.0342,17.605,14.338,Sun-like
10124866,0,5755,0.91,0.88,12.138,12.128,Sun-like
10079226,0,5945,1.115,1.067,21.179,19.593,Sun-like
6106415,0,5990,1.23,1.09,14.175,11.775,Sun-like
11401988,0,3590,0.386,0.399,52.719,63.49,M-Dwarf
10163983,0,3661,0.469,0.4791,32.981,37.008,M-Dwarf
10422713,0,5739,1.086,0.84,21.236,16.735,Sun-like
8364751,0,5891,0.861,0.869,21.989,18.446,Sun-like
6129877,0,6064,1.36,1.15,20.933,17.118,Sun-like
4847465,0,5675,0.868,0.912,19.263,18.571,Sun-like
8494149,0,5850,1.217,1.0718,21.739,17.111,Sun-like
4246455,0,5751,1.318,0.9518,18.557,15.547,Sun-like
6020867,0,5780,1.0,,12.889,15.345,Sun-like
8574377,0,5666,1.708,1.123,22.6,18.268,Sun-like
3946262,0,5592,0.782,0.8562,20.629,18.691,Sun-like
5002836,0,2661,0.116,0.094,48.958,39.543,M-Dwarf
6306896,0,6958,1.593,1.419,19.905,22.641,Sun-like
4349067,0,5884,1.715,1.1372,18.578,14.861,Sun-like
8379927,0,6034,1.15,1.2,13.577,13.48,Sun-like
6947459,0,3453,0.107,0.102,50.898,38.174,M-Dwarf
6306896,0,6932,1.319,1.322,20.002,24.119,Sun-like
7286531,0,6002,1.472,0.965,20.857,19.437,Sun-like
10731839,0,3256,0.207,0.184,51.252,46.299,M-Dwarf
12555642,0,3685,0.472,0.482,34.357,30.896,M-Dwarf
9075065,0,6332,1.149,1.0094,22.227,20.242,Sun-like
6923148,0,6163,0.985,0.986,18.106,15.371,Sun-like
6345835,0,3702,0.496,0.5205,34.697,29.38,M-Dwarf
9230350,0,3677,0.453,0.47,45.373,39.326,M-Dwarf
7879979,0,6122,1.045,1.013,21.137,16.952,Sun-like
11138484,0,3981,0.602,0.5996,51.586,53.07,M-Dwarf
3859371,0,3926,0.548,0.57,50.701,54.535,M-Dwarf
4246455,0,5751,1.318,0.952,21.673,18.608,Sun-like
7362849,0,3878,0.574,0.5764,51.33,51.625,M-Dwarf
11098364,0,5007,0.614,0.613,17.517,15.625,Sun-like
5019620,0,6146,1.947,1.222,22.083,17.67,Sun-like
10853891,0,5795,1.303,0.902,17.331,15.467,Sun-like
9031086,0,6531,1.715,1.1857,21.941,18.651,Sun-like
8179536,0,6329,1.311,1.172,22.083,22.779,Sun-like
10331969,0,6143,1.946,1.1911,22.438,17.155,Sun-like
8379927,0,6034,1.15,1.2,16.52,17.728,Sun-like
4906883,0,6338,1.493,1.1912,18.561,15.455,Sun-like
7588236,0,5908,0.916,0.9005,21.996,17.143,Sun-like
12069449,0,5811,1.092,0.991,16.293,14.163,Sun-like
10794845,0,6137,1.082,1.011,20.474,17.584,Sun-like
4909473,0,6319,1.032,1.084,20.463,22.733,Sun-like
10644253,0,6030,1.11,1.14,21.708,20.614,Sun-like
9701423,0,6563,1.091,1.108,16.731,13.07,Sun-like
11506859,0,4841,0.58,0.5861,14.533,13.194,Sun-like
6232600,0,6435,1.34,1.23,17.321,16.837,Sun-like
10677047,0,5663,0.849,0.9165,20.318,17.531,Sun-like
8344414,0,3933,0.613,0.6156,48.392,43.126,M-Dwarf
3633889,0,6421,1.305,1.175,18.233,15.939,Sun-like
11018954,0,3773,0.512,0.526,33.62,28.691,M-Dwarf
5273973,0,3634,0.467,0.491,49.3,66.247,M-Dwarf
6063291,0,5695,0.906,0.756,10.862,8.756,Sun-like
7538021,0,3772,0.501,0.5065,33.661,33.587,M-Dwarf
12069449,0,5811,1.092,0.9907,13.537,11.694,Sun-like
11763874,0,6173,1.242,1.2647,20.754,17.409,Sun-like
11342410,0,5858,1.212,0.97,18.913,17.243,Sun-like
9204877,0,4984,0.763,0.7958,19.415,15.78,Sun-like
4138978,0,6303,1.384,1.0632,22.355,17.219,Sun-like
7106245,0,6082,1.066,0.764,21.599,17.503,Sun-like
4349067,0,5884,1.715,1.137,22.011,18.0,Sun-like
10978737,0,6065,1.101,0.873,22.487,18.404,Sun-like
11569983,0,6039,1.716,1.094,22.185,18.601,Sun-like
8188157,0,6880,1.752,1.461,19.071,14.41,Sun-like
5867284,0,6251,0.946,0.947,21.889,18.304,Sun-like
8561664,0,6254,1.353,1.0158,19.393,16.648,Sun-like
8298626,0,6211,1.37,1.16,20.43,18.188,Sun-like
3641858,0,5495,0.857,0.763,17.272,14.166,Sun-like
4364354,0,6144,1.34,1.1177,22.666,19.82,Sun-like
4841888,0,3336,0.236,0.218,41.451,37.144,M-Dwarf
6964893,0,5925,1.084,0.868,21.486,17.426,Sun-like
11081642,0,5993,1.269,1.048,21.022,19.258,Sun-like
8424992,0,5807,1.06,0.96,17.219,13.859,Sun-like
11081642,0,5993,1.269,1.0477,17.205,15.35,Sun-like
3124511,0,6096,1.099,0.961,22.192,17.897,Sun-like
5962551,0,3318,0.199,0.1798,46.261,37.003,M-Dwarf
5961270,0,6222,1.402,1.164,22.336,18.384,Sun-like
7106245,0,6058,1.117,0.9417,19.737,15.804,Sun-like
7760745,0,5485,0.788,0.7161,20.836,20.293,Sun-like
11027406,0,6250,1.37,1.07,19.585,15.582,Sun-like
8217182,0,5945,1.153,0.9808,17.936,16.792,Sun-like
6966232,0,6271,1.767,1.328,16.791,13.882,Sun-like
10866983,0,3908,0.597,0.599,34.366,33.467,M-Dwarf
10934586,0,6202,1.366,1.166,21.848,17.628,Sun-like
6306896,0,6958,1.593,1.4194,17.175,17.96,Sun-like
5795961,0,3887,0.569,0.569,49.84,53.867,M-Dwarf
10527172,0,5654,0.774,0.865,18.127,14.701,Sun-like
9603809,0,6266,0.985,1.049,21.872,20.324,Sun-like
4645245,0,6322,1.913,0.9714,19.225,15.063,Sun-like
9603809,0,6271,1.275,1.0415,19.374,17.242,Sun-like
10618260,0,5926,1.113,0.9055,20.256,18.737,Sun-like
12736910,0,6514,1.356,1.0478,16.749,14.853,Sun-like
12355672,0,5737,1.408,0.9184,17.846,13.998,Sun-like
12069424,0,5846,1.156,0.9544,18.168,15.403,Sun-like
9836221,0,5780,1.0,,20.638,26.084,Sun-like
8056313,0,6959,1.922,1.066,18.82,17.428,Sun-like
8869548,0,6678,1.253,1.236,20.435,16.711,Sun-like
10647081,0,3396,0.372,0.3796,41.364,36.184,M-Dwarf
7604944,0,5780,1.0,,16.926,18.428,Sun-like
9475874,0,5575,1.288,0.9489,22.11,19.706,Sun-like
7101742,0,6394,1.466,1.195,20.292,16.378,Sun-like
11234835,0,5780,1.0,,22.627,27.764,Sun-like
3967859,0,5938,1.207,0.915,22.51,17.884,Sun-like
7748051,0,3912,0.561,0.559,44.538,52.854,M-Dwarf
8476457,0,6105,1.764,0.8059,18.427,14.429,Sun-like
9821786,0,6061,0.97,1.05,22.147,17.707,Sun-like
10612448,0,3750,0.45,0.462,44.647,37.554,M-Dwarf
5206997,0,5780,1.0,,22.391,20.724,Sun-like
5015998,0,3350,0.233,0.2158,44.933,46.572,M-Dwarf
11229052,0,6495,1.48,1.27,22.018,19.448,Sun-like
12024065,0,3885,0.555,0.5558,32.854,36.249,M-Dwarf
7440048,0,6004,1.043,0.888,22.452,19.585,Sun-like
9701423,0,6559,1.529,1.1132,20.096,16.486,Sun-like
4136379,0,3030,0.148,0.1215,51.713,44.95,M-Dwarf
6442336,0,5968,1.675,1.01,21.162,18.333,Sun-like
10685353,0,5780,1.0,,19.156,24.678,Sun-like
7601573,0,3741,0.579,0.5796,32.958,31.053,M-Dwarf
11229131,0,6382,1.487,1.31,20.671,19.779,Sun-like
4243697,0,6084,1.103,0.839,21.072,17.036,Sun-like
11854674,0,6241,1.867,1.3,16.521,13.61,Sun-like
8982583,0,6561,1.793,1.377,18.639,17.203,Sun-like
6689302,0,3916,0.594,0.5957,37.911,38.59,M-Dwarf
6047087,0,6070,1.255,1.008,21.848,17.736,Sun-like
8073932,0,5482,0.981,0.828,22.354,19.17,Sun-like
6698653,0,6025,1.402,0.7793,19.971,15.396,Sun-like
5252698,0,3247,0.2,0.178,52.711,44.667,M-Dwarf
12010862,0,3821,0.571,0.578,33.37,37.437,M-Dwarf
8028326,0,6100,1.76,1.1087,18.658,16.463,Sun-like
12266662,0,5918,1.509,0.908,22.628,17.839,Sun-like
9664404,0,6124,1.264,1.165,22.388,19.229,Sun-like
4243697,0,6082,0.911,0.8488,19.522,15.577,Sun-like
7460461,0,5714,1.479,1.0264,22.179,18.15,Sun-like
7465902,0,6141,1.534,0.8885,20.398,18.047,Sun-like
7116767,0,3989,0.598,0.5948,51.798,51.381,M-Dwarf
10527172,0,5668,0.785,0.855,19.792,16.259,Sun-like
6288034,0,6692,1.174,0.943,19.02,14.252,Sun-like
8391021,0,6250,1.54,1.26,22.038,19.142,Sun-like
10016239,0,6388,1.254,1.179,22.073,22.752,Sun-like
8584610,0,5884,1.118,0.8625,19.248,15.88,Sun-like
10482041,0,5665,0.843,0.9277,20.016,18.661,Sun-like
3640986,0,5858,1.801,1.0114,20.081,15.832,Sun-like
9117875,0,6725,1.983,1.2245,18.526,18.169,Sun-like
5734420,0,3350,0.161,0.1441,49.414,51.492,M-Dwarf
4470937,0,3527,0.407,0.419,24.593,21.023,M-Dwarf
9078011,0,5506,0.973,0.9033,20.863,17.043,Sun-like
6976475,0,5655,0.93,1.009,19.732,16.716,Sun-like
2987466,0,5866,1.94,1.0014,21.146,16.462,Sun-like
9541616,0,6363,1.329,1.014,22.125,21.783,Sun-like
6947459,0,3433,0.104,0.099,53.424,40.519,M-Dwarf
3764335,0,3467,0.261,0.2502,48.47,46.983,M-Dwarf
9230350,0,3675,0.452,0.4689,43.355,37.848,M-Dwarf
12258514,0,5990,1.59,1.2,21.964,18.986,Sun-like
7879456,0,3833,0.578,0.5842,35.108,34.633,M-Dwarf
5270419,0,5681,1.027,1.0067,22.164,17.539,Sun-like
9143808,0,3815,0.602,0.6011,33.947,33.841,M-Dwarf
12555240,0,6230,1.592,1.1162,21.518,16.62,Sun-like
7939888,0,3780,0.469,0.4951,49.751,50.005,M-Dwarf
4909473,0,6340,1.17,1.047,21.648,24.013,Sun-like
4909473,0,6340,1.17,1.0472,15.723,16.223,Sun-like
8316361,0,5769,0.812,0.9,18.78,15.624,Sun-like
5524879,0,6262,1.259,1.131,22.53,21.212,Sun-like
8188157,0,6835,1.352,1.392,17.458,13.096,Sun-like
7377576,0,6253,1.149,1.0011,21.267,16.71,Sun-like
10685353,0,5780,1.0,,13.521,15.357,Sun-like
4446044,0,6869,1.365,1.2521,21.394,17.558,Sun-like
7016858,0,6276,1.736,1.1449,17.592,14.083,Sun-like
9447503,0,5713,0.856,0.9482,22.214,18.979,Sun-like
6380988,0,3409,0.277,0.2663,52.175,52.069,M-Dwarf
6850118,0,3960,0.609,0.6097,33.979,33.745,M-Dwarf
7183590,0,3722,0.46,0.469,48.208,71.35,M-Dwarf
5683912,0,3000,0.144,0.117,23.061,22.27,M-Dwarf
8056313,0,6959,1.922,1.0662,16.024,14.541,Sun-like
10462940,0,6154,1.26,1.2,21.557,19.528,Sun-like
7440048,0,6004,1.043,0.8883,18.729,15.908,Sun-like
11521813,0,6157,1.312,0.9619,21.622,17.204,Sun-like
9410862,0,6046,1.119,0.945,22.495,18.834,Sun-like
8427406,0,5420,1.869,1.1178,20.811,16.455,Sun-like
9595178,0,5522,1.239,0.929,21.503,17.671,Sun-like
5881733,0,3518,0.328,0.3319,39.292,39.007,M-Dwarf
3633889,0,6452,1.32,1.22,18.232,16.053,Sun-like
8217182,0,5853,0.868,0.961,20.157,19.847,Sun-like
7016858,0,6276,1.736,1.145,20.237,16.611,Sun-like
12555642,0,3686,0.472,0.4822,34.191,30.278,M-Dwarf
12069424,0,5775,1.165,0.973,18.408,15.045,Sun-like
9465763,0,5780,1.0,,9.592,9.226,Sun-like
9289894,0,4461,0.541,0.535,22.157,19.186,Sun-like
10647081,0,3396,0.37,0.378,42.517,36.453,M-Dwarf
10611110,0,5988,1.276,0.974,21.904,17.509,Sun-like
2450412,0,3741,0.489,0.496,26.291,29.012,M-Dwarf
11519952,0,6038,1.115,0.773,21.44,17.451,Sun-like
2159700,0,3837,0.503,0.506,20.801,24.333,M-Dwarf
9994044,0,6292,1.141,1.083,22.446,18.075,Sun-like
10853891,0,5795,1.303,0.902,16.078,14.266,Sun-like
4142913,0,3411,0.343,0.3458,21.809,19.261,M-Dwarf
8081256,0,5944,1.831,1.106,21.62,17.32,Sun-like
3967859,0,6211,1.33,1.13,20.353,15.801,Sun-like
11752083,0,6050,0.896,0.979,21.134,17.566,Sun-like
6469154,0,5382,0.858,0.889,14.146,12.413,Sun-like
8494872,0,6081,1.573,0.96,13.333,11.187,Sun-like
6976475,0,5655,0.93,1.009,18.134,15.777,Sun-like
3633545,0,5313,0.82,0.786,16.959,15.187,Sun-like
7970740,0,5394,0.8,0.82,12.982,12.036,Sun-like
5273973,0,3634,0.467,0.4907,39.501,42.398,M-Dwarf
8694723,0,6120,1.49,1.02,18.595,15.476,Sun-like
11197632,0,6353,1.263,1.067,21.024,18.648,Sun-like
11086448,0,6335,1.539,1.0837,20.029,16.397,Sun-like
8584610,0,5885,1.124,0.864,19.303,16.051,Sun-like
8675146,0,5938,1.476,0.906,20.453,16.858,Sun-like
4862870,0,6818,1.613,1.504,22.365,19.464,Sun-like
11506988,0,6438,1.91,1.28,20.154,17.701,Sun-like
9356691,0,6217,1.222,1.151,21.739,19.407,Sun-like
8678900,0,5225,1.598,0.9205,21.096,17.694,Sun-like
11519466,0,5842,0.903,0.878,17.033,12.433,Sun-like
8831759,0,4970,1.979,0.903,14.793,20.079,Sun-like
10677831,0,6061,1.525,1.0286,20.863,16.731,Sun-like
8245295,0,5768,1.411,0.9684,22.169,20.908,Sun-like
3633538,0,5849,1.489,0.91,16.916,15.626,Sun-like
5002836,0,2661,0.116,0.094,52.127,41.881,M-Dwarf
8159399,0,5391,1.074,0.935,21.253,17.692,Sun-like
7840502,0,5927,1.964,1.242,14.822,10.867,Sun-like
11342861,0,5780,1.0,,11.88,12.085,Sun-like
6116048,0,6031,1.19,0.959,17.389,15.103,Sun-like
8037268,0,5205,0.774,0.759,13.8,12.156,Sun-like
11569983,0,6039,1.716,1.094,21.053,17.534,Sun-like
5961270,0,6230,1.364,1.1313,20.044,16.317,Sun-like
3633538,0,5849,1.489,0.91,17.941,16.668,Sun-like
5351659,0,3852,0.579,0.5818,34.237,37.215,M-Dwarf
10602391,0,5344,0.632,0.622,18.392,15.905,Sun-like
10863940,0,3702,0.569,0.5691,39.776,38.525,M-Dwarf
3633538,0,5849,1.489,0.9103,14.49,13.038,Sun-like
12555505,0,5741,1.243,0.959,19.619,16.9,Sun-like
6345835,0,3703,0.497,0.52,31.721,26.214,M-Dwarf
8091059,0,6038,1.015,0.9832,22.718,18.609,Sun-like
10801273,0,3971,0.568,0.592,20.735,18.894,M-Dwarf
12156916,0,6546,1.58,1.28,19.387,15.732,Sun-like
8561664,0,6230,1.383,1.002,22.538,19.594,Sun-like
11234835,0,5780,1.0,,18.882,18.743,Sun-like
4470937,0,3527,0.407,0.4192,20.801,17.472,M-Dwarf
10215584,0,5995,1.12,0.99,20.819,17.745,Sun-like
9536767,0,6017,1.083,0.9819,20.781,18.049,Sun-like
5881733,0,3518,0.328,0.332,55.024,67.084,M-Dwarf
8073932,0,5482,0.981,0.8283,19.167,16.066,Sun-like
11454149,0,6435,1.17,1.18,18.165,15.547,Sun-like
10070754,0,6550,1.29,1.26,17.483,14.965,Sun-like
5951134,0,6296,1.545,0.9968,21.515,16.862,Sun-like
3335176,0,3225,0.193,0.1695,22.298,22.977,M-Dwarf
5351868,0,5967,1.385,1.0193,20.271,16.502,Sun-like
8028326,0,6100,1.76,1.109,22.569,20.099,Sun-like
9139163,0,6405,1.521,1.312,20.898,18.806,Sun-like
9283220,0,3936,0.585,0.5834,36.074,36.546,M-Dwarf
6603624,0,5625,1.16,1.03,16.316,13.321,Sun-like
9395233,0,6367,1.467,1.2713,21.562,19.983,Sun-like
9664404,0,6130,1.336,1.1829,20.135,17.055,Sun-like
6675338,0,5780,1.0,,8.924,10.875,Sun-like
9157390,0,3908,0.56,0.5705,46.95,51.654,M-Dwarf
8739290,0,6122,1.137,1.045,21.543,21.013,Sun-like
11342410,0,5858,1.212,0.97,15.495,13.623,Sun-like
3956527,0,5392,0.701,0.7473,18.219,14.418,Sun-like
6675338,0,5780,1.0,,13.473,14.837,Sun-like
12010862,0,3813,0.569,0.575,36.752,41.979,M-Dwarf
5555763,0,5880,1.678,1.0028,21.151,16.556,Sun-like
10070754,0,6550,1.29,1.26,20.538,17.783,Sun-like
3241299,0,6522,1.862,1.413,20.778,18.275,Sun-like
12405425,0,6322,1.176,0.9569,19.93,16.278,Sun-like
8760414,0,5787,1.02,0.8,15.878,12.993,Sun-like
10988876,0,6334,1.126,1.009,19.627,16.031,Sun-like
4738909,0,4588,0.668,0.6609,21.558,19.101,Sun-like
12355672,0,5741,0.93,0.89,19.721,15.649,Sun-like
6516783,0,3877,0.586,0.589,37.416,46.164,M-Dwarf
5019620,0,6146,1.947,1.2224,18.77,14.908,Sun-like
6469154,0,5382,0.858,0.8887,11.865,10.062,Sun-like
9658985,0,5884,1.473,0.9485,19.49,16.415,Sun-like
3241581,0,5770,1.03,0.89,21.777,18.824,Sun-like
4912785,0,5551,0.957,0.804,20.096,16.653,Sun-like
4554810,0,5713,0.957,1.0557,19.19,15.617,Sun-like
10934653,0,5999,0.959,1.0447,17.54,13.963,Sun-like
4841888,0,3336,0.236,0.219,47.095,43.32,M-Dwarf
5881733,0,3518,0.328,0.332,54.51,77.756,M-Dwarf
10355856,0,6350,1.75,1.33,22.166,20.675,Sun-like
5002836,0,2661,0.116,0.0939,44.594,35.742,M-Dwarf
8145383,0,6158,1.031,1.0559,21.004,18.057,Sun-like
9157390,0,3908,0.554,0.573,52.611,69.703,M-Dwarf
7373508,0,5486,0.845,0.7502,21.14,20.875,Sun-like
10322366,0,3751,0.515,0.523,45.995,40.885,M-Dwarf
8006161,0,5478,0.943,0.993,18.785,18.665,Sun-like
7383120,0,6048,1.42,1.16,21.562,16.888,Sun-like
7899650,0,6181,1.686,1.091,21.55,19.227,Sun-like
3640986,0,5858,1.801,1.011,22.459,17.88,Sun-like
11098364,0,5007,0.614,0.6132,17.975,15.763,Sun-like
4376841,0,3940,0.568,0.567,38.397,41.681,M-Dwarf
5263508,0,5906,1.474,0.941,22.534,18.08,Sun-like
5899165,0,6014,1.063,1.0187,20.897,20.302,Sun-like
4946401,0,5323,0.955,0.848,22.44,19.93,Sun-like
6889764,0,5892,0.977,1.0123,21.173,17.614,Sun-like
9025370,0,5659,0.96,0.83,14.727,13.135,Sun-like
10454113,0,6120,1.24,1.14,20.866,20.88,Sun-like
6280366,0,6273,1.499,1.2555,21.535,19.58,Sun-like
4376841,0,3940,0.568,0.567,49.538,63.482,M-Dwarf
8351810,0,3888,0.6,0.6038,31.468,29.123,M-Dwarf
11197632,0,6353,1.263,1.0671,18.907,16.414,Sun-like
11565158,0,5996,1.241,1.1471,12.501,9.992,Sun-like
7016858,0,6276,1.053,1.037,19.461,15.56,Sun-like
12555505,0,5738,1.042,0.951,20.811,17.891,Sun-like
8739290,0,6122,1.137,1.0453,17.467,16.191,Sun-like
10611110,0,5988,1.276,0.9739,19.203,15.228,Sun-like
3641858,0,5513,0.753,0.822,18.076,14.775,Sun-like
6607191,0,5780,1.0,,20.081,21.352,Sun-like
11287318,0,3845,0.519,0.5318,42.899,41.262,M-Dwarf
8696343,0,6178,1.18,1.11,20.418,17.171,Sun-like
4554810,0,5735,1.279,1.093,21.025,17.317,Sun-like
7286531,0,6002,1.472,0.965,19.691,17.794,Sun-like
9527740,0,3918,0.574,0.5742,35.52,38.615,M-Dwarf
8982583,0,6561,1.793,1.377,19.442,17.549,Sun-like
9468214,0,5374,0.748,0.8314,22.282,18.802,Sun-like
9693187,0,5790,1.42,0.95,16.931,13.662,Sun-like
7700968,0,5982,1.21,1.0,22.303,18.509,Sun-like
5791753,0,3835,0.544,0.5549,51.68,50.295,M-Dwarf
7970740,0,5394,0.8,0.82,16.082,15.723,Sun-like
6680045,0,6296,1.169,1.0792,19.971,16.459,Sun-like
6966232,0,6271,1.767,1.3279,15.759,13.129,Sun-like
12204797,0,6387,1.428,1.09,20.81,17.336,Sun-like
6964893,0,5925,1.084,0.8682,19.6,15.876,Sun-like
7206252,0,6170,1.171,1.089,18.341,15.566,Sun-like
5869577,0,5387,0.807,0.786,20.844,17.166,Sun-like
3427720,0,6045,1.092,1.035,16.737,14.754,Sun-like
7019602,0,6197,1.554,1.2768,21.909,18.672,Sun-like
8831759,0,4970,1.979,0.9035,12.372,14.19,Sun-like
6143126,0,6157,1.35,1.0582,22.537,18.095,Sun-like
7510397,0,6110,1.81,1.25,15.217,12.687,Sun-like
9673360,0,5780,1.0,,16.384,16.422,Sun-like
4138654,0,6191,1.665,1.0511,19.175,15.518,Sun-like
10612448,0,3748,0.449,0.461,49.852,42.129,M-Dwarf
7662428,0,6367,1.387,1.31,20.617,23.161,Sun-like
8143842,0,5780,1.0,,16.253,16.55,Sun-like
